Faulkner, Male, "Laptops, 48-552-4368, Millicent Abad, 10", None"Avid Newscutter, 55-270-5984, Jamie Riolfi, 15", None"TNCC, 86-019-4907, Currie Lamburne, 5", None"Sniffer, 74-493-4739, Hyacinthe Burns, 15", None"PPA, 59-725-0666, Jazmin Kuhl, 10", 2"Software Development, 92-248-5459, Ravid Corbin, 15", 12"Tax Research, 57-997-3511, Fred Dyas, 10", 7"Drupal, 91-390-3915, Malinda Detoc, 5", 7"Affiliate Marketing, 94-300-6678, Cesya Nottle, 5", None"VMware Server, 48-237-5043, Durant Godbert, 15", None"TSW, 07-134-7985, Kahlil McCaig, 5", 2"Sales Effectiveness, 48-237-5043, Kalie Dunstan, 10", 7"FX Animation, 50-360-5630, Eamon Charlo, 5", 2"OSHA Certified, 88-609-0485, Kynthia Avison, 5", None"Document Drafting, 34-866-4091, Tate Tinto, 15", None"Applied Behavior Analysis, 04-840-3222, Kippar Edghinn, 10", 4, https://www.google.com/imgres?imgurl=https%3A%2F%2Fcdn.pixabay.com%2Fphoto%2F2017%2F06%2F13%2F12%2F53%2Fprofile-2398782_1280.png&imgrefurl=https%3A%2F%2Fpixabay.com%2Fillustrations%2Fprofile-profile-picture-human-face-2398782%2F&tbnid=Z4-U6ZGlJEpHiM&vet=12ahUKEwjBs7i5tO7uAhUtuaQKHRfXCZYQMygQegUIARCPAQ..i&docid=_Rv3Fs3nnZJbeM&w=1280&h=1280&q=profile%20picture&client=firefox-b-d&ved=2ahUKEwjBs7i5tO7uAhUtuaQKHRfXCZYQMygQegUIARCPAQ
Dane, Male, "Dbase, 52-381-0478, Darcee Guerola, 10", 2"PPA, 59-725-0666, Jazmin Kuhl, 10", 2"MRI Plus, 79-033-5317, Adrien Hammett, 10", 7"Surveying, 86-019-4907, William Blaxter, 5", 12"Dublin Core, 07-134-7985, Myrlene Lygoe, 10", None"TNCC, 86-019-4907, Currie Lamburne, 5", 2"Freight, 08-013-8921, Melamie Yorkston, 5", None"WDS, 07-134-7985, Quinlan McCumskay, 5", 12"DDA, 91-390-3915, Donella Grouse, 15", 4"Prenuptial Agreements, 24-069-9167, Gertrudis Cardoso, 10", 10"DWDM, 66-229-7193, Millard Pepperill, 15", None"AHWD, 86-019-4907, Carma Van T'Hoog, 15", None"Affiliate Marketing, 94-300-6678, Cesya Nottle, 5", 7"BMP design, c, Codi Shinfield, 10", None"HR Transformation, 35-795-2800, Giraud Bannell, 15", None"Claim, 14-838-5925, Lombard Silburn, 5", None, https://www.google.com/imgres?imgurl=https%3A%2F%2Fst2.depositphotos.com%2F1009634%2F7235%2Fv%2F600%2Fdepositphotos_72350117-stock-illustration-no-user-profile-picture-hand.jpg&imgrefurl=https%3A%2F%2Fdepositphotos.com%2Fvector-images%2Fdefault-profile-picture.html&tbnid=DinNYVHYxXtW6M&vet=12ahUKEwjBs7i5tO7uAhUtuaQKHRfXCZYQMygHegQIARB8..i&docid=MG0JGB0B8kPXNM&w=536&h=600&q=profile%20picture&client=firefox-b-d&ved=2ahUKEwjBs7i5tO7uAhUtuaQKHRfXCZYQMygHegQIARB8
Leoline, Female, "Tax Research, 57-997-3511, Fred Dyas, 10", None"Onshore, 67-174-5701, Kathleen Tewelson, 15", 12"Software Development, 92-248-5459, Ravid Corbin, 15", None"FX Animation, 50-360-5630, Eamon Charlo, 5", None"Applied Behavior Analysis, 04-840-3222, Kippar Edghinn, 10", 12"BMP design, c, Codi Shinfield, 10", 4"Sniffer, 74-493-4739, Hyacinthe Burns, 15", None"IPO, 66-229-7193, Jonie Santacrole, 10", 12"Road, 56-056-9057, Brandais Bannell, 15", 10"Risk Management, 77-054-6660, Fred Backe, 15", 2"Laptops, 48-552-4368, Millicent Abad, 10", None"JIT, 83-055-6112, Marcelle Robotham, 5", None"Snort, 08-013-8921, Donetta Paramore, 5", 7"PPA, 59-725-0666, Jazmin Kuhl, 10", None, https://www.google.com/imgres?imgurl=https%3A%2F%2Fst3.depositphotos.com%2F15648834%2F17930%2Fv%2F600%2Fdepositphotos_179308454-stock-illustration-unknown-person-silhouette-glasses-profile.jpg&imgrefurl=https%3A%2F%2Fdepositphotos.com%2Fvector-images%2Funknown-profile-picture.html&tbnid=ifTSkpz9J2bh_M&vet=12ahUKEwjBs7i5tO7uAhUtuaQKHRfXCZYQMygNegUIARCJAQ..i&docid=urvXhMiZrB4IuM&w=488&h=600&q=profile%20picture&client=firefox-b-d&ved=2ahUKEwjBs7i5tO7uAhUtuaQKHRfXCZYQMygNegUIARCJAQ
Neils, Female, "NXP, 88-859-9848, Ted Wanstall, 10", None"Graphic Illustrations, 94-436-0869, Dona Gadsby, 10", 12"Claim, 14-838-5925, Lombard Silburn, 5", 7"OSHA Certified, 88-609-0485, Kynthia Avison, 5", None"Judo, 04-840-3222, Ravid Somersett, 15", None"Yacht Racing, 69-665-7849, Zulema Mitchelson, 15", 7"DWDM, 66-229-7193, Millard Pepperill, 15", 4"TNCC, 86-019-4907, Currie Lamburne, 5", None"Road, 56-056-9057, Brandais Bannell, 15", 2"GMAT, 19-615-8744, Corinne Veal, 10", 10"PPA, 59-725-0666, Jazmin Kuhl, 10", 12"Onshore, 67-174-5701, Kathleen Tewelson, 15", 2"Surveying, 86-019-4907, William Blaxter, 5", None"Snort, 08-013-8921, Donetta Paramore, 5", None"TSW, 07-134-7985, Kahlil McCaig, 5", None"DDA, 91-390-3915, Donella Grouse, 15", None, https://www.google.com/imgres?imgurl=https%3A%2F%2Fst2.depositphotos.com%2F1009634%2F7235%2Fv%2F600%2Fdepositphotos_72350117-stock-illustration-no-user-profile-picture-hand.jpg&imgrefurl=https%3A%2F%2Fdepositphotos.com%2Fvector-images%2Fdefault-profile-picture.html&tbnid=DinNYVHYxXtW6M&vet=12ahUKEwjBs7i5tO7uAhUtuaQKHRfXCZYQMygHegQIARB8..i&docid=MG0JGB0B8kPXNM&w=536&h=600&q=profile%20picture&client=firefox-b-d&ved=2ahUKEwjBs7i5tO7uAhUtuaQKHRfXCZYQMygHegQIARB8
Adlai, Male, "Cell Culture, 29-222-5820, Zebedee Crichley, 15", 2"Yacht Racing, 69-665-7849, Zulema Mitchelson, 15", None"Claim, 14-838-5925, Lombard Silburn, 5", 10"Graphic Illustrations, 94-436-0869, Dona Gadsby, 10", 10"Road, 56-056-9057, Brandais Bannell, 15", None"Sniffer, 74-493-4739, Hyacinthe Burns, 15", 7"Surveying, 86-019-4907, William Blaxter, 5", 2"GSM-R, 83-055-6112, Lee Jencken, 10", None"Applied Behavior Analysis, 04-840-3222, Kippar Edghinn, 10", 4"PPA, 59-725-0666, Jazmin Kuhl, 10", 4"AHWD, 86-019-4907, Carma Van T'Hoog, 15", None"BDD, 42-798-4161, Barny Hens, 5", None"TSW, 07-134-7985, Kahlil McCaig, 5", None"IPO, 66-229-7193, Jonie Santacrole, 10", 10"Freight, 08-013-8921, Melamie Yorkston, 5", 12, https://www.google.com/imgres?imgurl=https%3A%2F%2Fst3.depositphotos.com%2F15648834%2F17930%2Fv%2F600%2Fdepositphotos_179308454-stock-illustration-unknown-person-silhouette-glasses-profile.jpg&imgrefurl=https%3A%2F%2Fdepositphotos.com%2Fvector-images%2Funknown-profile-picture.html&tbnid=ifTSkpz9J2bh_M&vet=12ahUKEwjBs7i5tO7uAhUtuaQKHRfXCZYQMygNegUIARCJAQ..i&docid=urvXhMiZrB4IuM&w=488&h=600&q=profile%20picture&client=firefox-b-d&ved=2ahUKEwjBs7i5tO7uAhUtuaQKHRfXCZYQMygNegUIARCJAQ
Dee, Female, "Road, 56-056-9057, Brandais Bannell, 15", 10"Onboarding, 93-350-7426, Shel O'Loughnan, 5", 10"TNCC, 86-019-4907, Currie Lamburne, 5", None"OSHA Certified, 88-609-0485, Kynthia Avison, 5", 7"Dbase, 52-381-0478, Darcee Guerola, 10", 4"Judo, 04-840-3222, Ravid Somersett, 15", 7"HR Transformation, 35-795-2800, Giraud Bannell, 15", None"Onshore, 67-174-5701, Kathleen Tewelson, 15", None"Document Drafting, 34-866-4091, Tate Tinto, 15", None"PPA, 59-725-0666, Jazmin Kuhl, 10", 10"Yacht Racing, 69-665-7849, Zulema Mitchelson, 15", 12"Cell Culture, 29-222-5820, Zebedee Crichley, 15", 12"Two-way Radio, 50-360-5630, Quincy Elcocks, 5", None"Avid Newscutter, 55-270-5984, Jamie Riolfi, 15", None, https://www.google.com/imgres?imgurl=https%3A%2F%2Ftechcommunity.microsoft.com%2Ft5%2Fimage%2Fserverpage%2Fimage-id%2F217078i525F6A9EF292601F%2Fimage-size%2Flarge%3Fv%3D1.0%26px%3D999&imgrefurl=https%3A%2F%2Ftechcommunity.microsoft.com%2Ft5%2Fmicrosoft-teams%2Fteams-profile-picture-confusion%2Ftd-p%2F160315&tbnid=8sptEo2SfzpscM&vet=12ahUKEwjBs7i5tO7uAhUtuaQKHRfXCZYQMygJegUIARCBAQ..i&docid=P3A766EhvHwYxM&w=398&h=398&q=profile%20picture&client=firefox-b-d&ved=2ahUKEwjBs7i5tO7uAhUtuaQKHRfXCZYQMygJegUIARCBAQ
Janeta, Female, "Risk Management, 77-054-6660, Fred Backe, 15", None"Document Drafting, 34-866-4091, Tate Tinto, 15", None"GMAT, 19-615-8744, Corinne Veal, 10", None"Two-way Radio, 50-360-5630, Quincy Elcocks, 5", None"JiBX, 02-515-8204, Bliss Machen, 5", 4"Electric Power, 88-609-0485, Leodora Joret, 15", 10"OSHA Certified, 88-609-0485, Kynthia Avison, 5", 2"QALoad, 93-350-7426, Jacquelynn Stockell, 10", 10"Onboarding, 93-350-7426, Shel O'Loughnan, 5", 10"Employee Training, 38-214-2297, Cob Sunock, 5", 10"BMP design, c, Codi Shinfield, 10", 2"DBT, 52-761-3520, Nance Dochon, 10", 10"PPA, 59-725-0666, Jazmin Kuhl, 10", None"IPO, 66-229-7193, Jonie Santacrole, 10", 10"Sniffer, 74-493-4739, Hyacinthe Burns, 15", 12"Laptops, 48-552-4368, Millicent Abad, 10", None, https://www.google.com/imgres?imgurl=https%3A%2F%2Fcdn.pixabay.com%2Fphoto%2F2017%2F06%2F13%2F12%2F53%2Fprofile-2398782_1280.png&imgrefurl=https%3A%2F%2Fpixabay.com%2Fillustrations%2Fprofile-profile-picture-human-face-2398782%2F&tbnid=Z4-U6ZGlJEpHiM&vet=12ahUKEwjBs7i5tO7uAhUtuaQKHRfXCZYQMygQegUIARCPAQ..i&docid=_Rv3Fs3nnZJbeM&w=1280&h=1280&q=profile%20picture&client=firefox-b-d&ved=2ahUKEwjBs7i5tO7uAhUtuaQKHRfXCZYQMygQegUIARCPAQ
Melamie, Female, "Snort, 08-013-8921, Donetta Paramore, 5", 4"Yacht Racing, 69-665-7849, Zulema Mitchelson, 15", 12"Two-way Radio, 50-360-5630, Quincy Elcocks, 5", 10"Onshore, 67-174-5701, Kathleen Tewelson, 15", 2"Road, 56-056-9057, Brandais Bannell, 15", None"Affiliate Marketing, 94-300-6678, Cesya Nottle, 5", None"MIS, 50-360-5630, Gwenny Hens, 10", None"GSM-R, 83-055-6112, Lee Jencken, 10", 12"BMP design, c, Codi Shinfield, 10", 4"Claim, 14-838-5925, Lombard Silburn, 5", 2"OSHA Certified, 88-609-0485, Kynthia Avison, 5", 12"MRI Plus, 79-033-5317, Adrien Hammett, 10", None"Working at Height, 42-629-6832, Adrian Whewill, 10", 12"Dublin Core, 07-134-7985, Myrlene Lygoe, 10", None"DBT, 52-761-3520, Nance Dochon, 10", None"Graphic Illustrations, 94-436-0869, Dona Gadsby, 10", 7, https://www.google.com/imgres?imgurl=https%3A%2F%2Fi.pinimg.com%2F564x%2F04%2Fbb%2F21%2F04bb2164bbfa3684118a442c17d086bf.jpg&imgrefurl=https%3A%2F%2Fwww.pinterest.com%2Fpin%2F851250767043206825%2F&tbnid=P05h8rdMIMrIOM&vet=12ahUKEwjBs7i5tO7uAhUtuaQKHRfXCZYQMygmegUIARDAAQ..i&docid=osLgKDhKldrueM&w=512&h=512&q=profile%20picture&client=firefox-b-d&ved=2ahUKEwjBs7i5tO7uAhUtuaQKHRfXCZYQMygmegUIARDAAQ
Fayette, Female, "Sales Effectiveness, 48-237-5043, Kalie Dunstan, 10", 12"WDS, 07-134-7985, Quinlan McCumskay, 5", 2"HR Transformation, 35-795-2800, Giraud Bannell, 15", None"QALoad, 93-350-7426, Jacquelynn Stockell, 10", 7"DDA, 91-390-3915, Donella Grouse, 15", None"Graphic Illustrations, 94-436-0869, Dona Gadsby, 10", None"Applied Behavior Analysis, 04-840-3222, Kippar Edghinn, 10", 10"Tax Research, 57-997-3511, Fred Dyas, 10", 12"Cell Culture, 29-222-5820, Zebedee Crichley, 15", None"TSW, 07-134-7985, Kahlil McCaig, 5", None"MRI Plus, 79-033-5317, Adrien Hammett, 10", 10"Claim, 14-838-5925, Lombard Silburn, 5", 4"DWDM, 66-229-7193, Millard Pepperill, 15", None"NXP, 88-859-9848, Ted Wanstall, 10", None"Prenuptial Agreements, 24-069-9167, Gertrudis Cardoso, 10", 2, https://www.google.com/imgres?imgurl=https%3A%2F%2Fst3.depositphotos.com%2F15648834%2F17930%2Fv%2F600%2Fdepositphotos_179308454-stock-illustration-unknown-person-silhouette-glasses-profile.jpg&imgrefurl=https%3A%2F%2Fdepositphotos.com%2Fvector-images%2Funknown-profile-picture.html&tbnid=ifTSkpz9J2bh_M&vet=12ahUKEwjBs7i5tO7uAhUtuaQKHRfXCZYQMygNegUIARCJAQ..i&docid=urvXhMiZrB4IuM&w=488&h=600&q=profile%20picture&client=firefox-b-d&ved=2ahUKEwjBs7i5tO7uAhUtuaQKHRfXCZYQMygNegUIARCJAQ
Bessie, Male, "Document Drafting, 34-866-4091, Tate Tinto, 15", None"Affiliate Marketing, 94-300-6678, Cesya Nottle, 5", None"NXP, 88-859-9848, Ted Wanstall, 10", None"Working at Height, 42-629-6832, Adrian Whewill, 10", None"Two-way Radio, 50-360-5630, Quincy Elcocks, 5", 7"SQLite, 59-155-9634, Austin McNern, 5", None"Judo, 04-840-3222, Ravid Somersett, 15", 12"MRI Plus, 79-033-5317, Adrien Hammett, 10", None"Claim, 14-838-5925, Lombard Silburn, 5", None"Onshore, 67-174-5701, Kathleen Tewelson, 15", None"TNCC, 86-019-4907, Currie Lamburne, 5", None"JIT, 83-055-6112, Marcelle Robotham, 5", 2"MRDs, 08-013-8921, Aldin Kringe, 10", None"Employee Training, 38-214-2297, Cob Sunock, 5", None"Laptops, 48-552-4368, Millicent Abad, 10", 7"WDS, 07-134-7985, Quinlan McCumskay, 5", None"Applied Behavior Analysis, 04-840-3222, Kippar Edghinn, 10", None"VMware Server, 48-237-5043, Durant Godbert, 15", 4, https://www.google.com/imgres?imgurl=https%3A%2F%2Fcdn.pixabay.com%2Fphoto%2F2017%2F06%2F13%2F12%2F53%2Fprofile-2398782_1280.png&imgrefurl=https%3A%2F%2Fpixabay.com%2Fillustrations%2Fprofile-profile-picture-human-face-2398782%2F&tbnid=Z4-U6ZGlJEpHiM&vet=12ahUKEwjBs7i5tO7uAhUtuaQKHRfXCZYQMygQegUIARCPAQ..i&docid=_Rv3Fs3nnZJbeM&w=1280&h=1280&q=profile%20picture&client=firefox-b-d&ved=2ahUKEwjBs7i5tO7uAhUtuaQKHRfXCZYQMygQegUIARCPAQ
Kynthia, Female, "WDS, 07-134-7985, Quinlan McCumskay, 5", None"BMP design, c, Codi Shinfield, 10", None"Sales Effectiveness, 48-237-5043, Kalie Dunstan, 10", 7"Sniffer, 74-493-4739, Hyacinthe Burns, 15", None"BDD, 42-798-4161, Barny Hens, 5", None"Avid Newscutter, 55-270-5984, Jamie Riolfi, 15", None"Electric Power, 88-609-0485, Leodora Joret, 15", None"Snort, 08-013-8921, Donetta Paramore, 5", 12"MRDs, 08-013-8921, Aldin Kringe, 10", None"Affiliate Marketing, 94-300-6678, Cesya Nottle, 5", None"Document Drafting, 34-866-4091, Tate Tinto, 15", None"QALoad, 93-350-7426, Jacquelynn Stockell, 10", 4"Graphic Illustrations, 94-436-0869, Dona Gadsby, 10", None"Claim, 14-838-5925, Lombard Silburn, 5", 2"Two-way Radio, 50-360-5630, Quincy Elcocks, 5", None"GSM-R, 83-055-6112, Lee Jencken, 10", 7, https://www.google.com/imgres?imgurl=https%3A%2F%2Fi.pinimg.com%2F564x%2F04%2Fbb%2F21%2F04bb2164bbfa3684118a442c17d086bf.jpg&imgrefurl=https%3A%2F%2Fwww.pinterest.com%2Fpin%2F851250767043206825%2F&tbnid=P05h8rdMIMrIOM&vet=12ahUKEwjBs7i5tO7uAhUtuaQKHRfXCZYQMygmegUIARDAAQ..i&docid=osLgKDhKldrueM&w=512&h=512&q=profile%20picture&client=firefox-b-d&ved=2ahUKEwjBs7i5tO7uAhUtuaQKHRfXCZYQMygmegUIARDAAQ
Ban, Female, "Snort, 08-013-8921, Donetta Paramore, 5", None"BMP design, c, Codi Shinfield, 10", None"TNCC, 86-019-4907, Currie Lamburne, 5", 10"JIT, 83-055-6112, Marcelle Robotham, 5", 4"Avid Newscutter, 55-270-5984, Jamie Riolfi, 15", 10"HR Transformation, 35-795-2800, Giraud Bannell, 15", 2"Zillow, 76-457-9236, Lev Grassi, 5", 7"BDD, 42-798-4161, Barny Hens, 5", 7"AHWD, 86-019-4907, Carma Van T'Hoog, 15", None"OSHA Certified, 88-609-0485, Kynthia Avison, 5", None"Claim, 14-838-5925, Lombard Silburn, 5", None"Working at Height, 42-629-6832, Adrian Whewill, 10", 12"Software Development, 92-248-5459, Ravid Corbin, 15", None"Prenuptial Agreements, 24-069-9167, Gertrudis Cardoso, 10", 12"TSW, 07-134-7985, Kahlil McCaig, 5", 2"PPA, 59-725-0666, Jazmin Kuhl, 10", 10"FX Animation, 50-360-5630, Eamon Charlo, 5", None"Dbase, 52-381-0478, Darcee Guerola, 10", 4, https://www.google.com/imgres?imgurl=https%3A%2F%2Fst3.depositphotos.com%2F15648834%2F17930%2Fv%2F600%2Fdepositphotos_179308454-stock-illustration-unknown-person-silhouette-glasses-profile.jpg&imgrefurl=https%3A%2F%2Fdepositphotos.com%2Fvector-images%2Funknown-profile-picture.html&tbnid=ifTSkpz9J2bh_M&vet=12ahUKEwjBs7i5tO7uAhUtuaQKHRfXCZYQMygNegUIARCJAQ..i&docid=urvXhMiZrB4IuM&w=488&h=600&q=profile%20picture&client=firefox-b-d&ved=2ahUKEwjBs7i5tO7uAhUtuaQKHRfXCZYQMygNegUIARCJAQ
Jacquelynn, Male, "AHWD, 86-019-4907, Carma Van T'Hoog, 15", 7"Working at Height, 42-629-6832, Adrian Whewill, 10", 7"Applied Behavior Analysis, 04-840-3222, Kippar Edghinn, 10", None"DDA, 91-390-3915, Donella Grouse, 15", 2"Judo, 04-840-3222, Ravid Somersett, 15", None"TNCC, 86-019-4907, Currie Lamburne, 5", 4"Onboarding, 93-350-7426, Shel O'Loughnan, 5", None"GSM-R, 83-055-6112, Lee Jencken, 10", None"Cell Culture, 29-222-5820, Zebedee Crichley, 15", None"NXP, 88-859-9848, Ted Wanstall, 10", 4"BDD, 42-798-4161, Barny Hens, 5", 2"Freight, 08-013-8921, Melamie Yorkston, 5", None"GMAT, 19-615-8744, Corinne Veal, 10", 2"IT Outsourcing, 89-548-4562, Mil Dorie, 15", 2"Sniffer, 74-493-4739, Hyacinthe Burns, 15", None, https://www.google.com/imgres?imgurl=https%3A%2F%2Fcdn.business2community.com%2Fwp-content%2Fuploads%2F2017%2F08%2Fblank-profile-picture-973460_640.png&imgrefurl=https%3A%2F%2Fwww.business2community.com%2Fsocial-media%2Fimportance-profile-picture-career-01899604&tbnid=ZbfgeaptF8Y5ZM&vet=12ahUKEwjBs7i5tO7uAhUtuaQKHRfXCZYQMygAegQIARBu..i&docid=Smb2EEjVhvpzWM&w=640&h=640&q=profile%20picture&client=firefox-b-d&ved=2ahUKEwjBs7i5tO7uAhUtuaQKHRfXCZYQMygAegQIARBu
Malachi, Female, "Tax Research, 57-997-3511, Fred Dyas, 10", None"Claim, 14-838-5925, Lombard Silburn, 5", None"MIS, 50-360-5630, Gwenny Hens, 10", 2"VMware Server, 48-237-5043, Durant Godbert, 15", 10"HR Transformation, 35-795-2800, Giraud Bannell, 15", 4"Laptops, 48-552-4368, Millicent Abad, 10", 10"Freight, 08-013-8921, Melamie Yorkston, 5", 4"Yacht Racing, 69-665-7849, Zulema Mitchelson, 15", None"Onboarding, 93-350-7426, Shel O'Loughnan, 5", 12"Surveying, 86-019-4907, William Blaxter, 5", None"Drupal, 91-390-3915, Malinda Detoc, 5", None"Zillow, 76-457-9236, Lev Grassi, 5", None"Document Drafting, 34-866-4091, Tate Tinto, 15", 2"GSM-R, 83-055-6112, Lee Jencken, 10", None"IPO, 66-229-7193, Jonie Santacrole, 10", None"Working at Height, 42-629-6832, Adrian Whewill, 10", None, https://www.google.com/imgres?imgurl=https%3A%2F%2Fst2.depositphotos.com%2F1009634%2F7235%2Fv%2F600%2Fdepositphotos_72350117-stock-illustration-no-user-profile-picture-hand.jpg&imgrefurl=https%3A%2F%2Fdepositphotos.com%2Fvector-images%2Fdefault-profile-picture.html&tbnid=DinNYVHYxXtW6M&vet=12ahUKEwjBs7i5tO7uAhUtuaQKHRfXCZYQMygHegQIARB8..i&docid=MG0JGB0B8kPXNM&w=536&h=600&q=profile%20picture&client=firefox-b-d&ved=2ahUKEwjBs7i5tO7uAhUtuaQKHRfXCZYQMygHegQIARB8
Rani, Female, "TNCC, 86-019-4907, Currie Lamburne, 5", None"QALoad, 93-350-7426, Jacquelynn Stockell, 10", None"MIS, 50-360-5630, Gwenny Hens, 10", 10"JIT, 83-055-6112, Marcelle Robotham, 5", 12"Applied Behavior Analysis, 04-840-3222, Kippar Edghinn, 10", None"BDD, 42-798-4161, Barny Hens, 5", 10"GMAT, 19-615-8744, Corinne Veal, 10", 4"Snort, 08-013-8921, Donetta Paramore, 5", None"Electric Power, 88-609-0485, Leodora Joret, 15", 7"HR Transformation, 35-795-2800, Giraud Bannell, 15", None"Avid Newscutter, 55-270-5984, Jamie Riolfi, 15", None"TSW, 07-134-7985, Kahlil McCaig, 5", 12"Dublin Core, 07-134-7985, Myrlene Lygoe, 10", 10"Sales Effectiveness, 48-237-5043, Kalie Dunstan, 10", None"AHWD, 86-019-4907, Carma Van T'Hoog, 15", 4"JiBX, 02-515-8204, Bliss Machen, 5", None, https://www.google.com/imgres?imgurl=https%3A%2F%2Fst3.depositphotos.com%2F15648834%2F17930%2Fv%2F600%2Fdepositphotos_179308454-stock-illustration-unknown-person-silhouette-glasses-profile.jpg&imgrefurl=https%3A%2F%2Fdepositphotos.com%2Fvector-images%2Funknown-profile-picture.html&tbnid=ifTSkpz9J2bh_M&vet=12ahUKEwjBs7i5tO7uAhUtuaQKHRfXCZYQMygNegUIARCJAQ..i&docid=urvXhMiZrB4IuM&w=488&h=600&q=profile%20picture&client=firefox-b-d&ved=2ahUKEwjBs7i5tO7uAhUtuaQKHRfXCZYQMygNegUIARCJAQ
Terencio, Female, "AHWD, 86-019-4907, Carma Van T'Hoog, 15", 10"Onshore, 67-174-5701, Kathleen Tewelson, 15", 10"Freight, 08-013-8921, Melamie Yorkston, 5", None"IPO, 66-229-7193, Jonie Santacrole, 10", None"Dublin Core, 07-134-7985, Myrlene Lygoe, 10", 7"Drupal, 91-390-3915, Malinda Detoc, 5", 12"Electric Power, 88-609-0485, Leodora Joret, 15", None"Applied Behavior Analysis, 04-840-3222, Kippar Edghinn, 10", 10"MIS, 50-360-5630, Gwenny Hens, 10", 7"Two-way Radio, 50-360-5630, Quincy Elcocks, 5", 2"JiBX, 02-515-8204, Bliss Machen, 5", 2"Road, 56-056-9057, Brandais Bannell, 15", 2"GSM-R, 83-055-6112, Lee Jencken, 10", 2"Risk Management, 77-054-6660, Fred Backe, 15", None"Snort, 08-013-8921, Donetta Paramore, 5", None, https://www.google.com/imgres?imgurl=https%3A%2F%2Fcdn.pixabay.com%2Fphoto%2F2017%2F06%2F13%2F12%2F53%2Fprofile-2398782_1280.png&imgrefurl=https%3A%2F%2Fpixabay.com%2Fillustrations%2Fprofile-profile-picture-human-face-2398782%2F&tbnid=Z4-U6ZGlJEpHiM&vet=12ahUKEwjBs7i5tO7uAhUtuaQKHRfXCZYQMygQegUIARCPAQ..i&docid=_Rv3Fs3nnZJbeM&w=1280&h=1280&q=profile%20picture&client=firefox-b-d&ved=2ahUKEwjBs7i5tO7uAhUtuaQKHRfXCZYQMygQegUIARCPAQ
Gwyn, Female, "DBT, 52-761-3520, Nance Dochon, 10", 12"Onshore, 67-174-5701, Kathleen Tewelson, 15", 12"Working at Height, 42-629-6832, Adrian Whewill, 10", None"Cell Culture, 29-222-5820, Zebedee Crichley, 15", 4"Onboarding, 93-350-7426, Shel O'Loughnan, 5", None"GMAT, 19-615-8744, Corinne Veal, 10", None"Laptops, 48-552-4368, Millicent Abad, 10", None"Dbase, 52-381-0478, Darcee Guerola, 10", 4"BDD, 42-798-4161, Barny Hens, 5", None"PPA, 59-725-0666, Jazmin Kuhl, 10", 10"GSM-R, 83-055-6112, Lee Jencken, 10", 10"Document Drafting, 34-866-4091, Tate Tinto, 15", None"TNCC, 86-019-4907, Currie Lamburne, 5", None"IPO, 66-229-7193, Jonie Santacrole, 10", 7"IT Outsourcing, 89-548-4562, Mil Dorie, 15", 10, https://www.google.com/imgres?imgurl=https%3A%2F%2Fcdn.pixabay.com%2Fphoto%2F2017%2F06%2F13%2F12%2F53%2Fprofile-2398782_1280.png&imgrefurl=https%3A%2F%2Fpixabay.com%2Fillustrations%2Fprofile-profile-picture-human-face-2398782%2F&tbnid=Z4-U6ZGlJEpHiM&vet=12ahUKEwjBs7i5tO7uAhUtuaQKHRfXCZYQMygQegUIARCPAQ..i&docid=_Rv3Fs3nnZJbeM&w=1280&h=1280&q=profile%20picture&client=firefox-b-d&ved=2ahUKEwjBs7i5tO7uAhUtuaQKHRfXCZYQMygQegUIARCPAQ
Lonna, Male, "MRDs, 08-013-8921, Aldin Kringe, 10", 12"Electric Power, 88-609-0485, Leodora Joret, 15", 10"Software Development, 92-248-5459, Ravid Corbin, 15", None"IPO, 66-229-7193, Jonie Santacrole, 10", 4"DDA, 91-390-3915, Donella Grouse, 15", 12"Freight, 08-013-8921, Melamie Yorkston, 5", 12"Judo, 04-840-3222, Ravid Somersett, 15", None"Dbase, 52-381-0478, Darcee Guerola, 10", 4"Onboarding, 93-350-7426, Shel O'Loughnan, 5", None"IT Outsourcing, 89-548-4562, Mil Dorie, 15", 7"BMP design, c, Codi Shinfield, 10", None"Drupal, 91-390-3915, Malinda Detoc, 5", None"BDD, 42-798-4161, Barny Hens, 5", None"HR Transformation, 35-795-2800, Giraud Bannell, 15", 7, https://www.google.com/imgres?imgurl=https%3A%2F%2Fcdn.business2community.com%2Fwp-content%2Fuploads%2F2017%2F08%2Fblank-profile-picture-973460_640.png&imgrefurl=https%3A%2F%2Fwww.business2community.com%2Fsocial-media%2Fimportance-profile-picture-career-01899604&tbnid=ZbfgeaptF8Y5ZM&vet=12ahUKEwjBs7i5tO7uAhUtuaQKHRfXCZYQMygAegQIARBu..i&docid=Smb2EEjVhvpzWM&w=640&h=640&q=profile%20picture&client=firefox-b-d&ved=2ahUKEwjBs7i5tO7uAhUtuaQKHRfXCZYQMygAegQIARBu
Stefa, Female, "DDA, 91-390-3915, Donella Grouse, 15", 12"TSW, 07-134-7985, Kahlil McCaig, 5", 12"IPO, 66-229-7193, Jonie Santacrole, 10", 7"Prenuptial Agreements, 24-069-9167, Gertrudis Cardoso, 10", 10"FX Animation, 50-360-5630, Eamon Charlo, 5", None"Applied Behavior Analysis, 04-840-3222, Kippar Edghinn, 10", 10"Zillow, 76-457-9236, Lev Grassi, 5", 4"Surveying, 86-019-4907, William Blaxter, 5", None"Graphic Illustrations, 94-436-0869, Dona Gadsby, 10", None"JIT, 83-055-6112, Marcelle Robotham, 5", 10"JiBX, 02-515-8204, Bliss Machen, 5", None"Affiliate Marketing, 94-300-6678, Cesya Nottle, 5", None"Onshore, 67-174-5701, Kathleen Tewelson, 15", 7"Cell Culture, 29-222-5820, Zebedee Crichley, 15", 10"Avid Newscutter, 55-270-5984, Jamie Riolfi, 15", None"Yacht Racing, 69-665-7849, Zulema Mitchelson, 15", None, https://www.google.com/imgres?imgurl=https%3A%2F%2Fst3.depositphotos.com%2F15648834%2F17930%2Fv%2F600%2Fdepositphotos_179308454-stock-illustration-unknown-person-silhouette-glasses-profile.jpg&imgrefurl=https%3A%2F%2Fdepositphotos.com%2Fvector-images%2Funknown-profile-picture.html&tbnid=ifTSkpz9J2bh_M&vet=12ahUKEwjBs7i5tO7uAhUtuaQKHRfXCZYQMygNegUIARCJAQ..i&docid=urvXhMiZrB4IuM&w=488&h=600&q=profile%20picture&client=firefox-b-d&ved=2ahUKEwjBs7i5tO7uAhUtuaQKHRfXCZYQMygNegUIARCJAQ
Malachi, Female, "Claim, 14-838-5925, Lombard Silburn, 5", None"Onshore, 67-174-5701, Kathleen Tewelson, 15", 4"IPO, 66-229-7193, Jonie Santacrole, 10", 7"NXP, 88-859-9848, Ted Wanstall, 10", None"Laptops, 48-552-4368, Millicent Abad, 10", 4"Working at Height, 42-629-6832, Adrian Whewill, 10", None"Sound, 44-385-4147, Casi Skurray, 5", 2"MRI Plus, 79-033-5317, Adrien Hammett, 10", None"Document Drafting, 34-866-4091, Tate Tinto, 15", 10"Software Development, 92-248-5459, Ravid Corbin, 15", 7"Electric Power, 88-609-0485, Leodora Joret, 15", 4"Onboarding, 93-350-7426, Shel O'Loughnan, 5", 7"PPA, 59-725-0666, Jazmin Kuhl, 10", None"JiBX, 02-515-8204, Bliss Machen, 5", None"Dublin Core, 07-134-7985, Myrlene Lygoe, 10", None, https://www.google.com/imgres?imgurl=https%3A%2F%2Fi.pinimg.com%2F564x%2F04%2Fbb%2F21%2F04bb2164bbfa3684118a442c17d086bf.jpg&imgrefurl=https%3A%2F%2Fwww.pinterest.com%2Fpin%2F851250767043206825%2F&tbnid=P05h8rdMIMrIOM&vet=12ahUKEwjBs7i5tO7uAhUtuaQKHRfXCZYQMygmegUIARDAAQ..i&docid=osLgKDhKldrueM&w=512&h=512&q=profile%20picture&client=firefox-b-d&ved=2ahUKEwjBs7i5tO7uAhUtuaQKHRfXCZYQMygmegUIARDAAQ
Elane, Female, "TNCC, 86-019-4907, Currie Lamburne, 5", None"Freight, 08-013-8921, Melamie Yorkston, 5", None"Road, 56-056-9057, Brandais Bannell, 15", None"Affiliate Marketing, 94-300-6678, Cesya Nottle, 5", 7"DWDM, 66-229-7193, Millard Pepperill, 15", None"Sniffer, 74-493-4739, Hyacinthe Burns, 15", 2"Sales Effectiveness, 48-237-5043, Kalie Dunstan, 10", None"Prenuptial Agreements, 24-069-9167, Gertrudis Cardoso, 10", 12"MIS, 50-360-5630, Gwenny Hens, 10", None"JIT, 83-055-6112, Marcelle Robotham, 5", None"PPA, 59-725-0666, Jazmin Kuhl, 10", 7"Cell Culture, 29-222-5820, Zebedee Crichley, 15", None"Yacht Racing, 69-665-7849, Zulema Mitchelson, 15", 12"VMware Server, 48-237-5043, Durant Godbert, 15", 10, https://www.google.com/imgres?imgurl=https%3A%2F%2Fcdn.pixabay.com%2Fphoto%2F2017%2F06%2F13%2F12%2F53%2Fprofile-2398782_1280.png&imgrefurl=https%3A%2F%2Fpixabay.com%2Fillustrations%2Fprofile-profile-picture-human-face-2398782%2F&tbnid=Z4-U6ZGlJEpHiM&vet=12ahUKEwjBs7i5tO7uAhUtuaQKHRfXCZYQMygQegUIARCPAQ..i&docid=_Rv3Fs3nnZJbeM&w=1280&h=1280&q=profile%20picture&client=firefox-b-d&ved=2ahUKEwjBs7i5tO7uAhUtuaQKHRfXCZYQMygQegUIARCPAQ
Lombard, Female, "Laptops, 48-552-4368, Millicent Abad, 10", 2"AHWD, 86-019-4907, Carma Van T'Hoog, 15", 12"TNCC, 86-019-4907, Currie Lamburne, 5", None"Dbase, 52-381-0478, Darcee Guerola, 10", None"NXP, 88-859-9848, Ted Wanstall, 10", None"JiBX, 02-515-8204, Bliss Machen, 5", None"Avid Newscutter, 55-270-5984, Jamie Riolfi, 15", 7"Software Development, 92-248-5459, Ravid Corbin, 15", 10"QALoad, 93-350-7426, Jacquelynn Stockell, 10", 2"MRDs, 08-013-8921, Aldin Kringe, 10", 2"Freight, 08-013-8921, Melamie Yorkston, 5", 2"Sound, 44-385-4147, Casi Skurray, 5", None"OSHA Certified, 88-609-0485, Kynthia Avison, 5", None"Surveying, 86-019-4907, William Blaxter, 5", None"Prenuptial Agreements, 24-069-9167, Gertrudis Cardoso, 10", 4"PPA, 59-725-0666, Jazmin Kuhl, 10", None"Snort, 08-013-8921, Donetta Paramore, 5", 2, https://www.google.com/imgres?imgurl=https%3A%2F%2Fst3.depositphotos.com%2F15648834%2F17930%2Fv%2F600%2Fdepositphotos_179308454-stock-illustration-unknown-person-silhouette-glasses-profile.jpg&imgrefurl=https%3A%2F%2Fdepositphotos.com%2Fvector-images%2Funknown-profile-picture.html&tbnid=ifTSkpz9J2bh_M&vet=12ahUKEwjBs7i5tO7uAhUtuaQKHRfXCZYQMygNegUIARCJAQ..i&docid=urvXhMiZrB4IuM&w=488&h=600&q=profile%20picture&client=firefox-b-d&ved=2ahUKEwjBs7i5tO7uAhUtuaQKHRfXCZYQMygNegUIARCJAQ
Ariadne, Male, "Surveying, 86-019-4907, William Blaxter, 5", None"GMAT, 19-615-8744, Corinne Veal, 10", None"QALoad, 93-350-7426, Jacquelynn Stockell, 10", 7"Working at Height, 42-629-6832, Adrian Whewill, 10", 10"JiBX, 02-515-8204, Bliss Machen, 5", None"IT Outsourcing, 89-548-4562, Mil Dorie, 15", 4"WDS, 07-134-7985, Quinlan McCumskay, 5", 10"HR Transformation, 35-795-2800, Giraud Bannell, 15", 12"DWDM, 66-229-7193, Millard Pepperill, 15", None"Sound, 44-385-4147, Casi Skurray, 5", 7"OSHA Certified, 88-609-0485, Kynthia Avison, 5", 10"JIT, 83-055-6112, Marcelle Robotham, 5", 4"Zillow, 76-457-9236, Lev Grassi, 5", 2"DBT, 52-761-3520, Nance Dochon, 10", None"MRDs, 08-013-8921, Aldin Kringe, 10", None"Risk Management, 77-054-6660, Fred Backe, 15", None"Dbase, 52-381-0478, Darcee Guerola, 10", 10, https://www.google.com/imgres?imgurl=https%3A%2F%2Fcdn.pixabay.com%2Fphoto%2F2017%2F06%2F13%2F12%2F53%2Fprofile-2398782_1280.png&imgrefurl=https%3A%2F%2Fpixabay.com%2Fillustrations%2Fprofile-profile-picture-human-face-2398782%2F&tbnid=Z4-U6ZGlJEpHiM&vet=12ahUKEwjBs7i5tO7uAhUtuaQKHRfXCZYQMygQegUIARCPAQ..i&docid=_Rv3Fs3nnZJbeM&w=1280&h=1280&q=profile%20picture&client=firefox-b-d&ved=2ahUKEwjBs7i5tO7uAhUtuaQKHRfXCZYQMygQegUIARCPAQ
Jamison, Female, "Zillow, 76-457-9236, Lev Grassi, 5", 10"Graphic Illustrations, 94-436-0869, Dona Gadsby, 10", 4"Snort, 08-013-8921, Donetta Paramore, 5", None"Road, 56-056-9057, Brandais Bannell, 15", 12"MIS, 50-360-5630, Gwenny Hens, 10", 10"Judo, 04-840-3222, Ravid Somersett, 15", 2"Prenuptial Agreements, 24-069-9167, Gertrudis Cardoso, 10", None"Employee Training, 38-214-2297, Cob Sunock, 5", None"DWDM, 66-229-7193, Millard Pepperill, 15", 4"DBT, 52-761-3520, Nance Dochon, 10", 2"Software Development, 92-248-5459, Ravid Corbin, 15", None"GMAT, 19-615-8744, Corinne Veal, 10", None"OSHA Certified, 88-609-0485, Kynthia Avison, 5", 4"Yacht Racing, 69-665-7849, Zulema Mitchelson, 15", None"Two-way Radio, 50-360-5630, Quincy Elcocks, 5", None, https://www.google.com/imgres?imgurl=https%3A%2F%2Fst2.depositphotos.com%2F1009634%2F7235%2Fv%2F600%2Fdepositphotos_72350117-stock-illustration-no-user-profile-picture-hand.jpg&imgrefurl=https%3A%2F%2Fdepositphotos.com%2Fvector-images%2Fdefault-profile-picture.html&tbnid=DinNYVHYxXtW6M&vet=12ahUKEwjBs7i5tO7uAhUtuaQKHRfXCZYQMygHegQIARB8..i&docid=MG0JGB0B8kPXNM&w=536&h=600&q=profile%20picture&client=firefox-b-d&ved=2ahUKEwjBs7i5tO7uAhUtuaQKHRfXCZYQMygHegQIARB8
Brianne, Male, "Road, 56-056-9057, Brandais Bannell, 15", 4"GMAT, 19-615-8744, Corinne Veal, 10", 7"Onboarding, 93-350-7426, Shel O'Loughnan, 5", 12"JIT, 83-055-6112, Marcelle Robotham, 5", None"Yacht Racing, 69-665-7849, Zulema Mitchelson, 15", 4"GSM-R, 83-055-6112, Lee Jencken, 10", None"SQLite, 59-155-9634, Austin McNern, 5", 2"Avid Newscutter, 55-270-5984, Jamie Riolfi, 15", None"Sniffer, 74-493-4739, Hyacinthe Burns, 15", 7"IPO, 66-229-7193, Jonie Santacrole, 10", None"Graphic Illustrations, 94-436-0869, Dona Gadsby, 10", None"Tax Research, 57-997-3511, Fred Dyas, 10", 2"HR Transformation, 35-795-2800, Giraud Bannell, 15", 7"Laptops, 48-552-4368, Millicent Abad, 10", 4, https://www.google.com/imgres?imgurl=https%3A%2F%2Fst2.depositphotos.com%2F1009634%2F7235%2Fv%2F600%2Fdepositphotos_72350117-stock-illustration-no-user-profile-picture-hand.jpg&imgrefurl=https%3A%2F%2Fdepositphotos.com%2Fvector-images%2Fdefault-profile-picture.html&tbnid=DinNYVHYxXtW6M&vet=12ahUKEwjBs7i5tO7uAhUtuaQKHRfXCZYQMygHegQIARB8..i&docid=MG0JGB0B8kPXNM&w=536&h=600&q=profile%20picture&client=firefox-b-d&ved=2ahUKEwjBs7i5tO7uAhUtuaQKHRfXCZYQMygHegQIARB8
Estel, Female, "Prenuptial Agreements, 24-069-9167, Gertrudis Cardoso, 10", None"JIT, 83-055-6112, Marcelle Robotham, 5", 2"DBT, 52-761-3520, Nance Dochon, 10", 4"Sound, 44-385-4147, Casi Skurray, 5", 12"PPA, 59-725-0666, Jazmin Kuhl, 10", 10"Software Development, 92-248-5459, Ravid Corbin, 15", 7"Onboarding, 93-350-7426, Shel O'Loughnan, 5", None"Freight, 08-013-8921, Melamie Yorkston, 5", None"Graphic Illustrations, 94-436-0869, Dona Gadsby, 10", 2"SQLite, 59-155-9634, Austin McNern, 5", 2"FX Animation, 50-360-5630, Eamon Charlo, 5", None"AHWD, 86-019-4907, Carma Van T'Hoog, 15", 12"MIS, 50-360-5630, Gwenny Hens, 10", None"Dbase, 52-381-0478, Darcee Guerola, 10", 12"TSW, 07-134-7985, Kahlil McCaig, 5", None"Document Drafting, 34-866-4091, Tate Tinto, 15", 4"Cell Culture, 29-222-5820, Zebedee Crichley, 15", None, https://www.google.com/imgres?imgurl=https%3A%2F%2Ftechcommunity.microsoft.com%2Ft5%2Fimage%2Fserverpage%2Fimage-id%2F217078i525F6A9EF292601F%2Fimage-size%2Flarge%3Fv%3D1.0%26px%3D999&imgrefurl=https%3A%2F%2Ftechcommunity.microsoft.com%2Ft5%2Fmicrosoft-teams%2Fteams-profile-picture-confusion%2Ftd-p%2F160315&tbnid=8sptEo2SfzpscM&vet=12ahUKEwjBs7i5tO7uAhUtuaQKHRfXCZYQMygJegUIARCBAQ..i&docid=P3A766EhvHwYxM&w=398&h=398&q=profile%20picture&client=firefox-b-d&ved=2ahUKEwjBs7i5tO7uAhUtuaQKHRfXCZYQMygJegUIARCBAQ
Fairlie, Male, "WDS, 07-134-7985, Quinlan McCumskay, 5", 2"Judo, 04-840-3222, Ravid Somersett, 15", 10"Applied Behavior Analysis, 04-840-3222, Kippar Edghinn, 10", 7"Sound, 44-385-4147, Casi Skurray, 5", 12"NXP, 88-859-9848, Ted Wanstall, 10", None"Employee Training, 38-214-2297, Cob Sunock, 5", 7"DBT, 52-761-3520, Nance Dochon, 10", None"GMAT, 19-615-8744, Corinne Veal, 10", None"GSM-R, 83-055-6112, Lee Jencken, 10", 4"Graphic Illustrations, 94-436-0869, Dona Gadsby, 10", 10"TSW, 07-134-7985, Kahlil McCaig, 5", None"BDD, 42-798-4161, Barny Hens, 5", None"Yacht Racing, 69-665-7849, Zulema Mitchelson, 15", 7"FX Animation, 50-360-5630, Eamon Charlo, 5", None"Freight, 08-013-8921, Melamie Yorkston, 5", 2"BMP design, c, Codi Shinfield, 10", None"Cell Culture, 29-222-5820, Zebedee Crichley, 15", None, https://www.google.com/imgres?imgurl=https%3A%2F%2Fsupport.hubstaff.com%2Fwp-content%2Fuploads%2F2019%2F08%2Fgood-pic.png&imgrefurl=https%3A%2F%2Fsupport.hubstaff.com%2Fprofile-pictures-for-hubstaff-talent%2F&tbnid=4-QuSdqRU8BF_M&vet=12ahUKEwjBs7i5tO7uAhUtuaQKHRfXCZYQMygbegUIARCqAQ..i&docid=UL2sEtRo5j7P-M&w=920&h=878&q=profile%20picture&client=firefox-b-d&ved=2ahUKEwjBs7i5tO7uAhUtuaQKHRfXCZYQMygbegUIARCqAQ
Mala, Female, "MIS, 50-360-5630, Gwenny Hens, 10", None"Affiliate Marketing, 94-300-6678, Cesya Nottle, 5", 2"VMware Server, 48-237-5043, Durant Godbert, 15", 2"Snort, 08-013-8921, Donetta Paramore, 5", None"DDA, 91-390-3915, Donella Grouse, 15", 12"Prenuptial Agreements, 24-069-9167, Gertrudis Cardoso, 10", 2"WDS, 07-134-7985, Quinlan McCumskay, 5", None"Applied Behavior Analysis, 04-840-3222, Kippar Edghinn, 10", 10"AHWD, 86-019-4907, Carma Van T'Hoog, 15", None"Working at Height, 42-629-6832, Adrian Whewill, 10", None"Onboarding, 93-350-7426, Shel O'Loughnan, 5", None"Dublin Core, 07-134-7985, Myrlene Lygoe, 10", None"Graphic Illustrations, 94-436-0869, Dona Gadsby, 10", None"IT Outsourcing, 89-548-4562, Mil Dorie, 15", 2"BDD, 42-798-4161, Barny Hens, 5", None"IPO, 66-229-7193, Jonie Santacrole, 10", None, https://www.google.com/imgres?imgurl=https%3A%2F%2Fst2.depositphotos.com%2F1009634%2F7235%2Fv%2F600%2Fdepositphotos_72350117-stock-illustration-no-user-profile-picture-hand.jpg&imgrefurl=https%3A%2F%2Fdepositphotos.com%2Fvector-images%2Fdefault-profile-picture.html&tbnid=DinNYVHYxXtW6M&vet=12ahUKEwjBs7i5tO7uAhUtuaQKHRfXCZYQMygHegQIARB8..i&docid=MG0JGB0B8kPXNM&w=536&h=600&q=profile%20picture&client=firefox-b-d&ved=2ahUKEwjBs7i5tO7uAhUtuaQKHRfXCZYQMygHegQIARB8
Dahlia, Male, "DDA, 91-390-3915, Donella Grouse, 15", 12"DWDM, 66-229-7193, Millard Pepperill, 15", None"Judo, 04-840-3222, Ravid Somersett, 15", 2"TNCC, 86-019-4907, Currie Lamburne, 5", None"Electric Power, 88-609-0485, Leodora Joret, 15", None"Onboarding, 93-350-7426, Shel O'Loughnan, 5", 2"Sniffer, 74-493-4739, Hyacinthe Burns, 15", None"TSW, 07-134-7985, Kahlil McCaig, 5", None"Prenuptial Agreements, 24-069-9167, Gertrudis Cardoso, 10", None"Dbase, 52-381-0478, Darcee Guerola, 10", None"Two-way Radio, 50-360-5630, Quincy Elcocks, 5", 7"Risk Management, 77-054-6660, Fred Backe, 15", None"Snort, 08-013-8921, Donetta Paramore, 5", None"Employee Training, 38-214-2297, Cob Sunock, 5", 10"IPO, 66-229-7193, Jonie Santacrole, 10", None, https://www.google.com/imgres?imgurl=https%3A%2F%2Fcdn.pixabay.com%2Fphoto%2F2017%2F06%2F13%2F12%2F53%2Fprofile-2398782_1280.png&imgrefurl=https%3A%2F%2Fpixabay.com%2Fillustrations%2Fprofile-profile-picture-human-face-2398782%2F&tbnid=Z4-U6ZGlJEpHiM&vet=12ahUKEwjBs7i5tO7uAhUtuaQKHRfXCZYQMygQegUIARCPAQ..i&docid=_Rv3Fs3nnZJbeM&w=1280&h=1280&q=profile%20picture&client=firefox-b-d&ved=2ahUKEwjBs7i5tO7uAhUtuaQKHRfXCZYQMygQegUIARCPAQ
Dee, Male, "QALoad, 93-350-7426, Jacquelynn Stockell, 10", None"Avid Newscutter, 55-270-5984, Jamie Riolfi, 15", 4"Zillow, 76-457-9236, Lev Grassi, 5", 10"Sound, 44-385-4147, Casi Skurray, 5", 2"AHWD, 86-019-4907, Carma Van T'Hoog, 15", 10"IT Outsourcing, 89-548-4562, Mil Dorie, 15", 7"Prenuptial Agreements, 24-069-9167, Gertrudis Cardoso, 10", None"IPO, 66-229-7193, Jonie Santacrole, 10", 7"PPA, 59-725-0666, Jazmin Kuhl, 10", 7"Yacht Racing, 69-665-7849, Zulema Mitchelson, 15", 7"GSM-R, 83-055-6112, Lee Jencken, 10", 12"MRDs, 08-013-8921, Aldin Kringe, 10", 2"Electric Power, 88-609-0485, Leodora Joret, 15", None"Cell Culture, 29-222-5820, Zebedee Crichley, 15", 2, https://www.google.com/imgres?imgurl=https%3A%2F%2Fcdn.pixabay.com%2Fphoto%2F2017%2F06%2F13%2F12%2F53%2Fprofile-2398782_1280.png&imgrefurl=https%3A%2F%2Fpixabay.com%2Fillustrations%2Fprofile-profile-picture-human-face-2398782%2F&tbnid=Z4-U6ZGlJEpHiM&vet=12ahUKEwjBs7i5tO7uAhUtuaQKHRfXCZYQMygQegUIARCPAQ..i&docid=_Rv3Fs3nnZJbeM&w=1280&h=1280&q=profile%20picture&client=firefox-b-d&ved=2ahUKEwjBs7i5tO7uAhUtuaQKHRfXCZYQMygQegUIARCPAQ
Tye, Female, "DWDM, 66-229-7193, Millard Pepperill, 15", 12"JIT, 83-055-6112, Marcelle Robotham, 5", None"Judo, 04-840-3222, Ravid Somersett, 15", 4"JiBX, 02-515-8204, Bliss Machen, 5", 4"Affiliate Marketing, 94-300-6678, Cesya Nottle, 5", None"Onboarding, 93-350-7426, Shel O'Loughnan, 5", 10"IT Outsourcing, 89-548-4562, Mil Dorie, 15", 2"OSHA Certified, 88-609-0485, Kynthia Avison, 5", None"Two-way Radio, 50-360-5630, Quincy Elcocks, 5", 4"BMP design, c, Codi Shinfield, 10", 4"Zillow, 76-457-9236, Lev Grassi, 5", 12"Prenuptial Agreements, 24-069-9167, Gertrudis Cardoso, 10", None"QALoad, 93-350-7426, Jacquelynn Stockell, 10", 12"Sniffer, 74-493-4739, Hyacinthe Burns, 15", None"Graphic Illustrations, 94-436-0869, Dona Gadsby, 10", None"GSM-R, 83-055-6112, Lee Jencken, 10", None"MIS, 50-360-5630, Gwenny Hens, 10", None, https://www.google.com/imgres?imgurl=https%3A%2F%2Fst3.depositphotos.com%2F15648834%2F17930%2Fv%2F600%2Fdepositphotos_179308454-stock-illustration-unknown-person-silhouette-glasses-profile.jpg&imgrefurl=https%3A%2F%2Fdepositphotos.com%2Fvector-images%2Funknown-profile-picture.html&tbnid=ifTSkpz9J2bh_M&vet=12ahUKEwjBs7i5tO7uAhUtuaQKHRfXCZYQMygNegUIARCJAQ..i&docid=urvXhMiZrB4IuM&w=488&h=600&q=profile%20picture&client=firefox-b-d&ved=2ahUKEwjBs7i5tO7uAhUtuaQKHRfXCZYQMygNegUIARCJAQ
Randene, Female, "NXP, 88-859-9848, Ted Wanstall, 10", None"MRI Plus, 79-033-5317, Adrien Hammett, 10", 4"Dublin Core, 07-134-7985, Myrlene Lygoe, 10", None"JIT, 83-055-6112, Marcelle Robotham, 5", None"DDA, 91-390-3915, Donella Grouse, 15", None"Drupal, 91-390-3915, Malinda Detoc, 5", None"Working at Height, 42-629-6832, Adrian Whewill, 10", 4"Dbase, 52-381-0478, Darcee Guerola, 10", 10"Affiliate Marketing, 94-300-6678, Cesya Nottle, 5", 4"Applied Behavior Analysis, 04-840-3222, Kippar Edghinn, 10", 2"WDS, 07-134-7985, Quinlan McCumskay, 5", 4"BDD, 42-798-4161, Barny Hens, 5", 4"MRDs, 08-013-8921, Aldin Kringe, 10", 2"Two-way Radio, 50-360-5630, Quincy Elcocks, 5", None"JiBX, 02-515-8204, Bliss Machen, 5", None"DWDM, 66-229-7193, Millard Pepperill, 15", 10"Software Development, 92-248-5459, Ravid Corbin, 15", None, https://www.google.com/imgres?imgurl=https%3A%2F%2Fst3.depositphotos.com%2F15648834%2F17930%2Fv%2F600%2Fdepositphotos_179308454-stock-illustration-unknown-person-silhouette-glasses-profile.jpg&imgrefurl=https%3A%2F%2Fdepositphotos.com%2Fvector-images%2Funknown-profile-picture.html&tbnid=ifTSkpz9J2bh_M&vet=12ahUKEwjBs7i5tO7uAhUtuaQKHRfXCZYQMygNegUIARCJAQ..i&docid=urvXhMiZrB4IuM&w=488&h=600&q=profile%20picture&client=firefox-b-d&ved=2ahUKEwjBs7i5tO7uAhUtuaQKHRfXCZYQMygNegUIARCJAQ
Garnette, Female, "Sound, 44-385-4147, Casi Skurray, 5", 7"AHWD, 86-019-4907, Carma Van T'Hoog, 15", None"Two-way Radio, 50-360-5630, Quincy Elcocks, 5", 2"Laptops, 48-552-4368, Millicent Abad, 10", None"GMAT, 19-615-8744, Corinne Veal, 10", None"GSM-R, 83-055-6112, Lee Jencken, 10", 4"Applied Behavior Analysis, 04-840-3222, Kippar Edghinn, 10", None"Graphic Illustrations, 94-436-0869, Dona Gadsby, 10", None"Working at Height, 42-629-6832, Adrian Whewill, 10", 10"DBT, 52-761-3520, Nance Dochon, 10", None"TNCC, 86-019-4907, Currie Lamburne, 5", 2"Electric Power, 88-609-0485, Leodora Joret, 15", None"JiBX, 02-515-8204, Bliss Machen, 5", None"Document Drafting, 34-866-4091, Tate Tinto, 15", 2"Affiliate Marketing, 94-300-6678, Cesya Nottle, 5", 7"OSHA Certified, 88-609-0485, Kynthia Avison, 5", None"BDD, 42-798-4161, Barny Hens, 5", None, https://www.google.com/imgres?imgurl=https%3A%2F%2Fst3.depositphotos.com%2F15648834%2F17930%2Fv%2F600%2Fdepositphotos_179308454-stock-illustration-unknown-person-silhouette-glasses-profile.jpg&imgrefurl=https%3A%2F%2Fdepositphotos.com%2Fvector-images%2Funknown-profile-picture.html&tbnid=ifTSkpz9J2bh_M&vet=12ahUKEwjBs7i5tO7uAhUtuaQKHRfXCZYQMygNegUIARCJAQ..i&docid=urvXhMiZrB4IuM&w=488&h=600&q=profile%20picture&client=firefox-b-d&ved=2ahUKEwjBs7i5tO7uAhUtuaQKHRfXCZYQMygNegUIARCJAQ
Britt, Female, "Judo, 04-840-3222, Ravid Somersett, 15", 12"SQLite, 59-155-9634, Austin McNern, 5", 4"VMware Server, 48-237-5043, Durant Godbert, 15", 10"Laptops, 48-552-4368, Millicent Abad, 10", 12"Yacht Racing, 69-665-7849, Zulema Mitchelson, 15", None"HR Transformation, 35-795-2800, Giraud Bannell, 15", 12"Avid Newscutter, 55-270-5984, Jamie Riolfi, 15", None"Prenuptial Agreements, 24-069-9167, Gertrudis Cardoso, 10", None"Zillow, 76-457-9236, Lev Grassi, 5", 10"MRDs, 08-013-8921, Aldin Kringe, 10", 4"IT Outsourcing, 89-548-4562, Mil Dorie, 15", None"Applied Behavior Analysis, 04-840-3222, Kippar Edghinn, 10", 10"Snort, 08-013-8921, Donetta Paramore, 5", 2"OSHA Certified, 88-609-0485, Kynthia Avison, 5", 2, https://www.google.com/imgres?imgurl=https%3A%2F%2Fst3.depositphotos.com%2F15648834%2F17930%2Fv%2F600%2Fdepositphotos_179308454-stock-illustration-unknown-person-silhouette-glasses-profile.jpg&imgrefurl=https%3A%2F%2Fdepositphotos.com%2Fvector-images%2Funknown-profile-picture.html&tbnid=ifTSkpz9J2bh_M&vet=12ahUKEwjBs7i5tO7uAhUtuaQKHRfXCZYQMygNegUIARCJAQ..i&docid=urvXhMiZrB4IuM&w=488&h=600&q=profile%20picture&client=firefox-b-d&ved=2ahUKEwjBs7i5tO7uAhUtuaQKHRfXCZYQMygNegUIARCJAQ
Reginauld, Female, "JiBX, 02-515-8204, Bliss Machen, 5", 2"DWDM, 66-229-7193, Millard Pepperill, 15", None"Claim, 14-838-5925, Lombard Silburn, 5", 4"GMAT, 19-615-8744, Corinne Veal, 10", None"Tax Research, 57-997-3511, Fred Dyas, 10", 10"HR Transformation, 35-795-2800, Giraud Bannell, 15", None"Two-way Radio, 50-360-5630, Quincy Elcocks, 5", None"Yacht Racing, 69-665-7849, Zulema Mitchelson, 15", None"Affiliate Marketing, 94-300-6678, Cesya Nottle, 5", None"Sales Effectiveness, 48-237-5043, Kalie Dunstan, 10", 12"Onshore, 67-174-5701, Kathleen Tewelson, 15", 12"MRI Plus, 79-033-5317, Adrien Hammett, 10", None"JIT, 83-055-6112, Marcelle Robotham, 5", 7"OSHA Certified, 88-609-0485, Kynthia Avison, 5", 12"TSW, 07-134-7985, Kahlil McCaig, 5", None"Employee Training, 38-214-2297, Cob Sunock, 5", None"VMware Server, 48-237-5043, Durant Godbert, 15", None, https://www.google.com/imgres?imgurl=https%3A%2F%2Fcdn.pixabay.com%2Fphoto%2F2017%2F06%2F13%2F12%2F53%2Fprofile-2398782_1280.png&imgrefurl=https%3A%2F%2Fpixabay.com%2Fillustrations%2Fprofile-profile-picture-human-face-2398782%2F&tbnid=Z4-U6ZGlJEpHiM&vet=12ahUKEwjBs7i5tO7uAhUtuaQKHRfXCZYQMygQegUIARCPAQ..i&docid=_Rv3Fs3nnZJbeM&w=1280&h=1280&q=profile%20picture&client=firefox-b-d&ved=2ahUKEwjBs7i5tO7uAhUtuaQKHRfXCZYQMygQegUIARCPAQ
Dall, Female, "AHWD, 86-019-4907, Carma Van T'Hoog, 15", None"DBT, 52-761-3520, Nance Dochon, 10", 4"Risk Management, 77-054-6660, Fred Backe, 15", 7"GSM-R, 83-055-6112, Lee Jencken, 10", None"VMware Server, 48-237-5043, Durant Godbert, 15", None"JiBX, 02-515-8204, Bliss Machen, 5", None"Dbase, 52-381-0478, Darcee Guerola, 10", 2"Sound, 44-385-4147, Casi Skurray, 5", 7"Yacht Racing, 69-665-7849, Zulema Mitchelson, 15", None"TNCC, 86-019-4907, Currie Lamburne, 5", None"Tax Research, 57-997-3511, Fred Dyas, 10", None"Two-way Radio, 50-360-5630, Quincy Elcocks, 5", 4"Applied Behavior Analysis, 04-840-3222, Kippar Edghinn, 10", None"Snort, 08-013-8921, Donetta Paramore, 5", None"Sales Effectiveness, 48-237-5043, Kalie Dunstan, 10", 12"Onboarding, 93-350-7426, Shel O'Loughnan, 5", 10, https://www.google.com/imgres?imgurl=https%3A%2F%2Fst3.depositphotos.com%2F15648834%2F17930%2Fv%2F600%2Fdepositphotos_179308454-stock-illustration-unknown-person-silhouette-glasses-profile.jpg&imgrefurl=https%3A%2F%2Fdepositphotos.com%2Fvector-images%2Funknown-profile-picture.html&tbnid=ifTSkpz9J2bh_M&vet=12ahUKEwjBs7i5tO7uAhUtuaQKHRfXCZYQMygNegUIARCJAQ..i&docid=urvXhMiZrB4IuM&w=488&h=600&q=profile%20picture&client=firefox-b-d&ved=2ahUKEwjBs7i5tO7uAhUtuaQKHRfXCZYQMygNegUIARCJAQ
Gilberte, Female, "DWDM, 66-229-7193, Millard Pepperill, 15", 4"Zillow, 76-457-9236, Lev Grassi, 5", 4"MIS, 50-360-5630, Gwenny Hens, 10", None"Onboarding, 93-350-7426, Shel O'Loughnan, 5", None"Drupal, 91-390-3915, Malinda Detoc, 5", None"DBT, 52-761-3520, Nance Dochon, 10", None"Dublin Core, 07-134-7985, Myrlene Lygoe, 10", None"Applied Behavior Analysis, 04-840-3222, Kippar Edghinn, 10", 4"Prenuptial Agreements, 24-069-9167, Gertrudis Cardoso, 10", 2"Laptops, 48-552-4368, Millicent Abad, 10", None"BMP design, c, Codi Shinfield, 10", 7"PPA, 59-725-0666, Jazmin Kuhl, 10", None"Sales Effectiveness, 48-237-5043, Kalie Dunstan, 10", 7"Graphic Illustrations, 94-436-0869, Dona Gadsby, 10", None"Software Development, 92-248-5459, Ravid Corbin, 15", 2"MRI Plus, 79-033-5317, Adrien Hammett, 10", None, https://www.google.com/imgres?imgurl=https%3A%2F%2Fi.pinimg.com%2F564x%2F04%2Fbb%2F21%2F04bb2164bbfa3684118a442c17d086bf.jpg&imgrefurl=https%3A%2F%2Fwww.pinterest.com%2Fpin%2F851250767043206825%2F&tbnid=P05h8rdMIMrIOM&vet=12ahUKEwjBs7i5tO7uAhUtuaQKHRfXCZYQMygmegUIARDAAQ..i&docid=osLgKDhKldrueM&w=512&h=512&q=profile%20picture&client=firefox-b-d&ved=2ahUKEwjBs7i5tO7uAhUtuaQKHRfXCZYQMygmegUIARDAAQ
Bliss, Male, "Judo, 04-840-3222, Ravid Somersett, 15", None"WDS, 07-134-7985, Quinlan McCumskay, 5", None"Tax Research, 57-997-3511, Fred Dyas, 10", 7"FX Animation, 50-360-5630, Eamon Charlo, 5", 12"Sniffer, 74-493-4739, Hyacinthe Burns, 15", None"DWDM, 66-229-7193, Millard Pepperill, 15", 12"Avid Newscutter, 55-270-5984, Jamie Riolfi, 15", None"HR Transformation, 35-795-2800, Giraud Bannell, 15", None"SQLite, 59-155-9634, Austin McNern, 5", 7"Sales Effectiveness, 48-237-5043, Kalie Dunstan, 10", None"JIT, 83-055-6112, Marcelle Robotham, 5", 10"Dublin Core, 07-134-7985, Myrlene Lygoe, 10", None"NXP, 88-859-9848, Ted Wanstall, 10", 4"PPA, 59-725-0666, Jazmin Kuhl, 10", 7"Working at Height, 42-629-6832, Adrian Whewill, 10", 4, https://www.google.com/imgres?imgurl=https%3A%2F%2Fcdn.pixabay.com%2Fphoto%2F2017%2F06%2F13%2F12%2F53%2Fprofile-2398782_1280.png&imgrefurl=https%3A%2F%2Fpixabay.com%2Fillustrations%2Fprofile-profile-picture-human-face-2398782%2F&tbnid=Z4-U6ZGlJEpHiM&vet=12ahUKEwjBs7i5tO7uAhUtuaQKHRfXCZYQMygQegUIARCPAQ..i&docid=_Rv3Fs3nnZJbeM&w=1280&h=1280&q=profile%20picture&client=firefox-b-d&ved=2ahUKEwjBs7i5tO7uAhUtuaQKHRfXCZYQMygQegUIARCPAQ
Daffie, Male, "Surveying, 86-019-4907, William Blaxter, 5", None"IT Outsourcing, 89-548-4562, Mil Dorie, 15", 12"Freight, 08-013-8921, Melamie Yorkston, 5", 7"FX Animation, 50-360-5630, Eamon Charlo, 5", 4"Judo, 04-840-3222, Ravid Somersett, 15", None"Road, 56-056-9057, Brandais Bannell, 15", 2"NXP, 88-859-9848, Ted Wanstall, 10", None"GMAT, 19-615-8744, Corinne Veal, 10", 10"DWDM, 66-229-7193, Millard Pepperill, 15", 12"Two-way Radio, 50-360-5630, Quincy Elcocks, 5", None"JiBX, 02-515-8204, Bliss Machen, 5", 2"Zillow, 76-457-9236, Lev Grassi, 5", None"Sniffer, 74-493-4739, Hyacinthe Burns, 15", None"Applied Behavior Analysis, 04-840-3222, Kippar Edghinn, 10", None"SQLite, 59-155-9634, Austin McNern, 5", 2"IPO, 66-229-7193, Jonie Santacrole, 10", None, https://www.google.com/imgres?imgurl=https%3A%2F%2Fi.pinimg.com%2F564x%2F04%2Fbb%2F21%2F04bb2164bbfa3684118a442c17d086bf.jpg&imgrefurl=https%3A%2F%2Fwww.pinterest.com%2Fpin%2F851250767043206825%2F&tbnid=P05h8rdMIMrIOM&vet=12ahUKEwjBs7i5tO7uAhUtuaQKHRfXCZYQMygmegUIARDAAQ..i&docid=osLgKDhKldrueM&w=512&h=512&q=profile%20picture&client=firefox-b-d&ved=2ahUKEwjBs7i5tO7uAhUtuaQKHRfXCZYQMygmegUIARDAAQ
Stella, Male, "Zillow, 76-457-9236, Lev Grassi, 5", None"DWDM, 66-229-7193, Millard Pepperill, 15", None"DBT, 52-761-3520, Nance Dochon, 10", 12"Claim, 14-838-5925, Lombard Silburn, 5", 7"Two-way Radio, 50-360-5630, Quincy Elcocks, 5", 12"Laptops, 48-552-4368, Millicent Abad, 10", 10"JiBX, 02-515-8204, Bliss Machen, 5", 10"Yacht Racing, 69-665-7849, Zulema Mitchelson, 15", None"Tax Research, 57-997-3511, Fred Dyas, 10", 10"PPA, 59-725-0666, Jazmin Kuhl, 10", 2"WDS, 07-134-7985, Quinlan McCumskay, 5", None"VMware Server, 48-237-5043, Durant Godbert, 15", 12"AHWD, 86-019-4907, Carma Van T'Hoog, 15", None"Software Development, 92-248-5459, Ravid Corbin, 15", None"DDA, 91-390-3915, Donella Grouse, 15", 12, https://www.google.com/imgres?imgurl=https%3A%2F%2Fcdn.pixabay.com%2Fphoto%2F2017%2F06%2F13%2F12%2F53%2Fprofile-2398782_1280.png&imgrefurl=https%3A%2F%2Fpixabay.com%2Fillustrations%2Fprofile-profile-picture-human-face-2398782%2F&tbnid=Z4-U6ZGlJEpHiM&vet=12ahUKEwjBs7i5tO7uAhUtuaQKHRfXCZYQMygQegUIARCPAQ..i&docid=_Rv3Fs3nnZJbeM&w=1280&h=1280&q=profile%20picture&client=firefox-b-d&ved=2ahUKEwjBs7i5tO7uAhUtuaQKHRfXCZYQMygQegUIARCPAQ
Leland, Female, "Road, 56-056-9057, Brandais Bannell, 15", 12"Risk Management, 77-054-6660, Fred Backe, 15", None"Snort, 08-013-8921, Donetta Paramore, 5", 2"FX Animation, 50-360-5630, Eamon Charlo, 5", 10"Onboarding, 93-350-7426, Shel O'Loughnan, 5", 12"Onshore, 67-174-5701, Kathleen Tewelson, 15", None"TNCC, 86-019-4907, Currie Lamburne, 5", None"IT Outsourcing, 89-548-4562, Mil Dorie, 15", None"DBT, 52-761-3520, Nance Dochon, 10", 12"Dublin Core, 07-134-7985, Myrlene Lygoe, 10", None"Freight, 08-013-8921, Melamie Yorkston, 5", 2"BMP design, c, Codi Shinfield, 10", 10"Document Drafting, 34-866-4091, Tate Tinto, 15", None"WDS, 07-134-7985, Quinlan McCumskay, 5", None"Zillow, 76-457-9236, Lev Grassi, 5", None"PPA, 59-725-0666, Jazmin Kuhl, 10", 10, https://www.google.com/imgres?imgurl=https%3A%2F%2Ftechcommunity.microsoft.com%2Ft5%2Fimage%2Fserverpage%2Fimage-id%2F217078i525F6A9EF292601F%2Fimage-size%2Flarge%3Fv%3D1.0%26px%3D999&imgrefurl=https%3A%2F%2Ftechcommunity.microsoft.com%2Ft5%2Fmicrosoft-teams%2Fteams-profile-picture-confusion%2Ftd-p%2F160315&tbnid=8sptEo2SfzpscM&vet=12ahUKEwjBs7i5tO7uAhUtuaQKHRfXCZYQMygJegUIARCBAQ..i&docid=P3A766EhvHwYxM&w=398&h=398&q=profile%20picture&client=firefox-b-d&ved=2ahUKEwjBs7i5tO7uAhUtuaQKHRfXCZYQMygJegUIARCBAQ
Esma, Male, "Yacht Racing, 69-665-7849, Zulema Mitchelson, 15", 4"SQLite, 59-155-9634, Austin McNern, 5", 4"GMAT, 19-615-8744, Corinne Veal, 10", None"QALoad, 93-350-7426, Jacquelynn Stockell, 10", None"MRDs, 08-013-8921, Aldin Kringe, 10", 4"TSW, 07-134-7985, Kahlil McCaig, 5", None"DBT, 52-761-3520, Nance Dochon, 10", None"Snort, 08-013-8921, Donetta Paramore, 5", None"Sound, 44-385-4147, Casi Skurray, 5", None"JiBX, 02-515-8204, Bliss Machen, 5", None"Two-way Radio, 50-360-5630, Quincy Elcocks, 5", 12"Road, 56-056-9057, Brandais Bannell, 15", None"Tax Research, 57-997-3511, Fred Dyas, 10", 2"TNCC, 86-019-4907, Currie Lamburne, 5", 4"HR Transformation, 35-795-2800, Giraud Bannell, 15", 10"Laptops, 48-552-4368, Millicent Abad, 10", None"PPA, 59-725-0666, Jazmin Kuhl, 10", None, https://www.google.com/imgres?imgurl=https%3A%2F%2Fcdn.pixabay.com%2Fphoto%2F2017%2F06%2F13%2F12%2F53%2Fprofile-2398782_1280.png&imgrefurl=https%3A%2F%2Fpixabay.com%2Fillustrations%2Fprofile-profile-picture-human-face-2398782%2F&tbnid=Z4-U6ZGlJEpHiM&vet=12ahUKEwjBs7i5tO7uAhUtuaQKHRfXCZYQMygQegUIARCPAQ..i&docid=_Rv3Fs3nnZJbeM&w=1280&h=1280&q=profile%20picture&client=firefox-b-d&ved=2ahUKEwjBs7i5tO7uAhUtuaQKHRfXCZYQMygQegUIARCPAQ
Ivonne, Female, "Road, 56-056-9057, Brandais Bannell, 15", 2"GMAT, 19-615-8744, Corinne Veal, 10", 4"Graphic Illustrations, 94-436-0869, Dona Gadsby, 10", None"IT Outsourcing, 89-548-4562, Mil Dorie, 15", None"BMP design, c, Codi Shinfield, 10", None"Judo, 04-840-3222, Ravid Somersett, 15", None"HR Transformation, 35-795-2800, Giraud Bannell, 15", None"VMware Server, 48-237-5043, Durant Godbert, 15", 7"JiBX, 02-515-8204, Bliss Machen, 5", 4"Laptops, 48-552-4368, Millicent Abad, 10", None"Onboarding, 93-350-7426, Shel O'Loughnan, 5", 12"Claim, 14-838-5925, Lombard Silburn, 5", 12"GSM-R, 83-055-6112, Lee Jencken, 10", None"Sales Effectiveness, 48-237-5043, Kalie Dunstan, 10", None, https://www.google.com/imgres?imgurl=https%3A%2F%2Ftechcommunity.microsoft.com%2Ft5%2Fimage%2Fserverpage%2Fimage-id%2F217078i525F6A9EF292601F%2Fimage-size%2Flarge%3Fv%3D1.0%26px%3D999&imgrefurl=https%3A%2F%2Ftechcommunity.microsoft.com%2Ft5%2Fmicrosoft-teams%2Fteams-profile-picture-confusion%2Ftd-p%2F160315&tbnid=8sptEo2SfzpscM&vet=12ahUKEwjBs7i5tO7uAhUtuaQKHRfXCZYQMygJegUIARCBAQ..i&docid=P3A766EhvHwYxM&w=398&h=398&q=profile%20picture&client=firefox-b-d&ved=2ahUKEwjBs7i5tO7uAhUtuaQKHRfXCZYQMygJegUIARCBAQ
Leticia, Male, "Tax Research, 57-997-3511, Fred Dyas, 10", None"MRI Plus, 79-033-5317, Adrien Hammett, 10", None"Snort, 08-013-8921, Donetta Paramore, 5", 7"BMP design, c, Codi Shinfield, 10", None"FX Animation, 50-360-5630, Eamon Charlo, 5", 10"Software Development, 92-248-5459, Ravid Corbin, 15", 4"BDD, 42-798-4161, Barny Hens, 5", None"SQLite, 59-155-9634, Austin McNern, 5", None"GSM-R, 83-055-6112, Lee Jencken, 10", 12"Two-way Radio, 50-360-5630, Quincy Elcocks, 5", 7"Working at Height, 42-629-6832, Adrian Whewill, 10", None"Sound, 44-385-4147, Casi Skurray, 5", None"Document Drafting, 34-866-4091, Tate Tinto, 15", None"GMAT, 19-615-8744, Corinne Veal, 10", None"QALoad, 93-350-7426, Jacquelynn Stockell, 10", 4"PPA, 59-725-0666, Jazmin Kuhl, 10", None"Road, 56-056-9057, Brandais Bannell, 15", 2, https://www.google.com/imgres?imgurl=https%3A%2F%2Fcdn.pixabay.com%2Fphoto%2F2017%2F06%2F13%2F12%2F53%2Fprofile-2398782_1280.png&imgrefurl=https%3A%2F%2Fpixabay.com%2Fillustrations%2Fprofile-profile-picture-human-face-2398782%2F&tbnid=Z4-U6ZGlJEpHiM&vet=12ahUKEwjBs7i5tO7uAhUtuaQKHRfXCZYQMygQegUIARCPAQ..i&docid=_Rv3Fs3nnZJbeM&w=1280&h=1280&q=profile%20picture&client=firefox-b-d&ved=2ahUKEwjBs7i5tO7uAhUtuaQKHRfXCZYQMygQegUIARCPAQ
Pascal, Male, "Sniffer, 74-493-4739, Hyacinthe Burns, 15", 4"Employee Training, 38-214-2297, Cob Sunock, 5", None"Graphic Illustrations, 94-436-0869, Dona Gadsby, 10", 7"Tax Research, 57-997-3511, Fred Dyas, 10", 4"HR Transformation, 35-795-2800, Giraud Bannell, 15", 7"Drupal, 91-390-3915, Malinda Detoc, 5", None"GMAT, 19-615-8744, Corinne Veal, 10", None"Electric Power, 88-609-0485, Leodora Joret, 15", None"Yacht Racing, 69-665-7849, Zulema Mitchelson, 15", 4"Applied Behavior Analysis, 04-840-3222, Kippar Edghinn, 10", None"BMP design, c, Codi Shinfield, 10", None"NXP, 88-859-9848, Ted Wanstall, 10", None"OSHA Certified, 88-609-0485, Kynthia Avison, 5", None"JIT, 83-055-6112, Marcelle Robotham, 5", None"BDD, 42-798-4161, Barny Hens, 5", 10"Working at Height, 42-629-6832, Adrian Whewill, 10", None, https://www.google.com/imgres?imgurl=https%3A%2F%2Ftechcommunity.microsoft.com%2Ft5%2Fimage%2Fserverpage%2Fimage-id%2F217078i525F6A9EF292601F%2Fimage-size%2Flarge%3Fv%3D1.0%26px%3D999&imgrefurl=https%3A%2F%2Ftechcommunity.microsoft.com%2Ft5%2Fmicrosoft-teams%2Fteams-profile-picture-confusion%2Ftd-p%2F160315&tbnid=8sptEo2SfzpscM&vet=12ahUKEwjBs7i5tO7uAhUtuaQKHRfXCZYQMygJegUIARCBAQ..i&docid=P3A766EhvHwYxM&w=398&h=398&q=profile%20picture&client=firefox-b-d&ved=2ahUKEwjBs7i5tO7uAhUtuaQKHRfXCZYQMygJegUIARCBAQ
Elita, Female, "DBT, 52-761-3520, Nance Dochon, 10", 12"Document Drafting, 34-866-4091, Tate Tinto, 15", 4"WDS, 07-134-7985, Quinlan McCumskay, 5", 4"Sales Effectiveness, 48-237-5043, Kalie Dunstan, 10", 7"FX Animation, 50-360-5630, Eamon Charlo, 5", None"Risk Management, 77-054-6660, Fred Backe, 15", 10"GMAT, 19-615-8744, Corinne Veal, 10", None"MRI Plus, 79-033-5317, Adrien Hammett, 10", 2"Two-way Radio, 50-360-5630, Quincy Elcocks, 5", 2"Snort, 08-013-8921, Donetta Paramore, 5", None"TSW, 07-134-7985, Kahlil McCaig, 5", None"HR Transformation, 35-795-2800, Giraud Bannell, 15", 2"TNCC, 86-019-4907, Currie Lamburne, 5", 4"DWDM, 66-229-7193, Millard Pepperill, 15", 2"OSHA Certified, 88-609-0485, Kynthia Avison, 5", 12"DDA, 91-390-3915, Donella Grouse, 15", 10, https://www.google.com/imgres?imgurl=https%3A%2F%2Fsupport.hubstaff.com%2Fwp-content%2Fuploads%2F2019%2F08%2Fgood-pic.png&imgrefurl=https%3A%2F%2Fsupport.hubstaff.com%2Fprofile-pictures-for-hubstaff-talent%2F&tbnid=4-QuSdqRU8BF_M&vet=12ahUKEwjBs7i5tO7uAhUtuaQKHRfXCZYQMygbegUIARCqAQ..i&docid=UL2sEtRo5j7P-M&w=920&h=878&q=profile%20picture&client=firefox-b-d&ved=2ahUKEwjBs7i5tO7uAhUtuaQKHRfXCZYQMygbegUIARCqAQ
Simon, Female, "SQLite, 59-155-9634, Austin McNern, 5", 10"DBT, 52-761-3520, Nance Dochon, 10", None"Sound, 44-385-4147, Casi Skurray, 5", None"Applied Behavior Analysis, 04-840-3222, Kippar Edghinn, 10", 10"JIT, 83-055-6112, Marcelle Robotham, 5", 7"MRI Plus, 79-033-5317, Adrien Hammett, 10", 12"Cell Culture, 29-222-5820, Zebedee Crichley, 15", 10"FX Animation, 50-360-5630, Eamon Charlo, 5", None"Surveying, 86-019-4907, William Blaxter, 5", 2"BMP design, c, Codi Shinfield, 10", None"VMware Server, 48-237-5043, Durant Godbert, 15", None"Road, 56-056-9057, Brandais Bannell, 15", 2"MIS, 50-360-5630, Gwenny Hens, 10", None"OSHA Certified, 88-609-0485, Kynthia Avison, 5", 2"Dublin Core, 07-134-7985, Myrlene Lygoe, 10", None"Working at Height, 42-629-6832, Adrian Whewill, 10", None"Graphic Illustrations, 94-436-0869, Dona Gadsby, 10", None, https://www.google.com/imgres?imgurl=https%3A%2F%2Fsupport.hubstaff.com%2Fwp-content%2Fuploads%2F2019%2F08%2Fgood-pic.png&imgrefurl=https%3A%2F%2Fsupport.hubstaff.com%2Fprofile-pictures-for-hubstaff-talent%2F&tbnid=4-QuSdqRU8BF_M&vet=12ahUKEwjBs7i5tO7uAhUtuaQKHRfXCZYQMygbegUIARCqAQ..i&docid=UL2sEtRo5j7P-M&w=920&h=878&q=profile%20picture&client=firefox-b-d&ved=2ahUKEwjBs7i5tO7uAhUtuaQKHRfXCZYQMygbegUIARCqAQ
Urson, Male, "DDA, 91-390-3915, Donella Grouse, 15", None"Snort, 08-013-8921, Donetta Paramore, 5", None"Dbase, 52-381-0478, Darcee Guerola, 10", 4"SQLite, 59-155-9634, Austin McNern, 5", 7"DBT, 52-761-3520, Nance Dochon, 10", None"Sniffer, 74-493-4739, Hyacinthe Burns, 15", None"BDD, 42-798-4161, Barny Hens, 5", 10"Onboarding, 93-350-7426, Shel O'Loughnan, 5", 4"Prenuptial Agreements, 24-069-9167, Gertrudis Cardoso, 10", 10"WDS, 07-134-7985, Quinlan McCumskay, 5", None"AHWD, 86-019-4907, Carma Van T'Hoog, 15", None"Sound, 44-385-4147, Casi Skurray, 5", None"JiBX, 02-515-8204, Bliss Machen, 5", 7"Document Drafting, 34-866-4091, Tate Tinto, 15", 10"Claim, 14-838-5925, Lombard Silburn, 5", None"Drupal, 91-390-3915, Malinda Detoc, 5", None"GSM-R, 83-055-6112, Lee Jencken, 10", 4"Judo, 04-840-3222, Ravid Somersett, 15", None, https://www.google.com/imgres?imgurl=https%3A%2F%2Fst2.depositphotos.com%2F1009634%2F7235%2Fv%2F600%2Fdepositphotos_72350117-stock-illustration-no-user-profile-picture-hand.jpg&imgrefurl=https%3A%2F%2Fdepositphotos.com%2Fvector-images%2Fdefault-profile-picture.html&tbnid=DinNYVHYxXtW6M&vet=12ahUKEwjBs7i5tO7uAhUtuaQKHRfXCZYQMygHegQIARB8..i&docid=MG0JGB0B8kPXNM&w=536&h=600&q=profile%20picture&client=firefox-b-d&ved=2ahUKEwjBs7i5tO7uAhUtuaQKHRfXCZYQMygHegQIARB8
Veronica, Female, "IT Outsourcing, 89-548-4562, Mil Dorie, 15", None"Zillow, 76-457-9236, Lev Grassi, 5", 4"Dbase, 52-381-0478, Darcee Guerola, 10", None"NXP, 88-859-9848, Ted Wanstall, 10", 4"Judo, 04-840-3222, Ravid Somersett, 15", 7"Working at Height, 42-629-6832, Adrian Whewill, 10", None"Graphic Illustrations, 94-436-0869, Dona Gadsby, 10", None"Sniffer, 74-493-4739, Hyacinthe Burns, 15", None"JiBX, 02-515-8204, Bliss Machen, 5", None"AHWD, 86-019-4907, Carma Van T'Hoog, 15", None"Risk Management, 77-054-6660, Fred Backe, 15", 4"Drupal, 91-390-3915, Malinda Detoc, 5", 2"Applied Behavior Analysis, 04-840-3222, Kippar Edghinn, 10", None"JIT, 83-055-6112, Marcelle Robotham, 5", 7"QALoad, 93-350-7426, Jacquelynn Stockell, 10", 12, https://www.google.com/imgres?imgurl=https%3A%2F%2Fi.pinimg.com%2F564x%2F04%2Fbb%2F21%2F04bb2164bbfa3684118a442c17d086bf.jpg&imgrefurl=https%3A%2F%2Fwww.pinterest.com%2Fpin%2F851250767043206825%2F&tbnid=P05h8rdMIMrIOM&vet=12ahUKEwjBs7i5tO7uAhUtuaQKHRfXCZYQMygmegUIARDAAQ..i&docid=osLgKDhKldrueM&w=512&h=512&q=profile%20picture&client=firefox-b-d&ved=2ahUKEwjBs7i5tO7uAhUtuaQKHRfXCZYQMygmegUIARDAAQ
Gerry, Male, "Applied Behavior Analysis, 04-840-3222, Kippar Edghinn, 10", None"Road, 56-056-9057, Brandais Bannell, 15", 7"FX Animation, 50-360-5630, Eamon Charlo, 5", 12"IPO, 66-229-7193, Jonie Santacrole, 10", 4"Yacht Racing, 69-665-7849, Zulema Mitchelson, 15", 4"Drupal, 91-390-3915, Malinda Detoc, 5", 10"Dbase, 52-381-0478, Darcee Guerola, 10", 7"HR Transformation, 35-795-2800, Giraud Bannell, 15", None"AHWD, 86-019-4907, Carma Van T'Hoog, 15", 2"MRDs, 08-013-8921, Aldin Kringe, 10", 2"Software Development, 92-248-5459, Ravid Corbin, 15", 7"PPA, 59-725-0666, Jazmin Kuhl, 10", None"TSW, 07-134-7985, Kahlil McCaig, 5", 4"Laptops, 48-552-4368, Millicent Abad, 10", 4, https://www.google.com/imgres?imgurl=https%3A%2F%2Fst2.depositphotos.com%2F1009634%2F7235%2Fv%2F600%2Fdepositphotos_72350117-stock-illustration-no-user-profile-picture-hand.jpg&imgrefurl=https%3A%2F%2Fdepositphotos.com%2Fvector-images%2Fdefault-profile-picture.html&tbnid=DinNYVHYxXtW6M&vet=12ahUKEwjBs7i5tO7uAhUtuaQKHRfXCZYQMygHegQIARB8..i&docid=MG0JGB0B8kPXNM&w=536&h=600&q=profile%20picture&client=firefox-b-d&ved=2ahUKEwjBs7i5tO7uAhUtuaQKHRfXCZYQMygHegQIARB8
